mean_fit_time,std_fit_time,mean_score_time,std_score_time,param_booster,param_learning_rate,param_n_estimators,params,split0_test_score,split1_test_score,split2_test_score,split3_test_score,mean_test_score,std_test_score,rank_test_score
186.29,2.77,0.02,0.01,gbtree,0.01,1000,"{'booster': 'gbtree', 'learning_rate': 0.01, 'n_estimators': 1000}",-3.19,-3.1,-3.08,-3.16,-3.13,0.04,4
186.13,1.67,0.02,0.01,gbtree,0.2,1000,"{'booster': 'gbtree', 'learning_rate': 0.2, 'n_estimators': 1000}",-0.38,-0.41,-0.39,-0.4,-0.39,0.01,3
186.28,2.12,0.03,0.02,gbtree,0.5,1000,"{'booster': 'gbtree', 'learning_rate': 0.5, 'n_estimators': 1000}",-0.21,-0.22,-0.21,-0.2,-0.21,0.01,2
189.54,3.31,0.02,0.02,gbtree,1,1000,"{'booster': 'gbtree', 'learning_rate': 1, 'n_estimators': 1000}",-0.18,-0.17,-0.15,-0.16,-0.16,0.01,1
43.78,0.37,0.05,0.0,gblinear,0.01,1000,"{'booster': 'gblinear', 'learning_rate': 0.01, 'n_estimators': 1000}",-18.15,-18.55,-18.76,-18.72,-18.55,0.24,8
43.86,0.74,0.05,0.01,gblinear,0.2,1000,"{'booster': 'gblinear', 'learning_rate': 0.2, 'n_estimators': 1000}",-18.13,-18.54,-18.75,-18.71,-18.53,0.24,7
43.43,0.12,0.04,0.01,gblinear,0.5,1000,"{'booster': 'gblinear', 'learning_rate': 0.5, 'n_estimators': 1000}",-18.13,-18.54,-18.74,-18.7,-18.53,0.24,5
43.42,0.19,0.04,0.01,gblinear,1,1000,"{'booster': 'gblinear', 'learning_rate': 1, 'n_estimators': 1000}",-18.13,-18.54,-18.74,-18.7,-18.53,0.24,6
